Feature,Importance
TotalQuantity,0.6720899819354328
CustomerTenure,0.14120763893861388
Recency,0.040718337829414954
AverageUnitPrice,0.038566716991165116
Frequency,0.026948900475262997
AverageOrderValue,0.024374202191574965
UniqueProducts,0.02162126331112143
AverageDaysBetweenOrders,0.01479107874382915
AverageQuantityPerOrder,0.011902507868739283
WeekendPurchaseRatio,0.005026775322471153
Country,0.002752596392374309
ReturnRate,0.0
